{"epochs": 10, "num_mpnns": 3, "num_convs": 1, "num_hidden_layers": 1, "hidden_dim": 128, "dropout": 0.04808747892762695, "do_two_stage": false, "num_heads": 2, "num_sabs": 2, "act_mode": "relu", "lr": 0.0013537394348808961, "warmup": 0.1000697463553397, "weight_decay": 0.088273824090036, "in_features": 9, "notes_dim": 101, "bsz": 256, "betas": [0.9, 0.999], "trial_id": "7bdb2e", "trial_path": "Trials/paper_fourth/7bdb2e", "train_loss": [0.0783126950263977, 0.0341082364320755, 0.027486978098750114, 0.023088539019227028, 0.020090095698833466, 0.017928186804056168, 0.01617135852575302, 0.01481936126947403, 0.013626586645841599, 0.012633337639272213], "test_loss": [0.7015014290809631, 0.08328166604042053, 0.08868281543254852, 0.09000279754400253, 0.09518368542194366, 0.10366818308830261, 0.10639972239732742, 0.10631167143583298, 0.10478734225034714, 0.11112143099308014, 0.11118248850107193], "test_aurocs": [0.5808648467063904, 0.6572712659835815, 0.7113277912139893, 0.7162199020385742, 0.7181783318519592, 0.7497761845588684, 0.7341611385345459, 0.7374135851860046, 0.7499246597290039, 0.7585254311561584, 0.7669048309326172], "time": 318.61974400299994, "auroc": 0.7669048309326172, "count_parameters": 543607, "min_size": 0, "max_size": Infinity, "covered_notes": ["powdery", "citrus", "marine", "naphthyl", "pine", "lactonic", "bitter", "anise", "sulfurous", "fresh", "mushroom", "camphoreous", "balsamic", "cooling", "tobacco", "burnt", "nutty", "fusel", "fatty", "berry", "fermented", "salty", "fruity", "chocolate", "vanilla", "roasted", "herbal", "licorice", "aromatic", "dairy", "rummy", "waxy", "savory", "milky", "dry", "soapy", "smoky", "solvent", "spicy", "creamy", "aldehydic", "chemical", "peach", "corn", "caramellic", "cocoa", "alcoholic", "thujonic", "sour", "melon", "cheesy", "ammoniacal", "pungent", "mentholic", "tropical", "amber", "buttery", "vegetable", "jammy", "meaty", "medicinal", "hay", "leathery", "mustard", "astringent", "brown", "mossy", "plastic", "ethereal", "woody", "celery", "musty", "terpenic", "floral", "acidic", "fungal", "animal", "oily", "green", "phenolic", "fishy", "earthy", "orris", "minty", "honey", "bready", "alliaceous", "estery", "metallic", "yeasty", "onion", "coumarinic", "winey", "clean", "popcorn", "tonka", "musk", "cherry", "coffee", "coconut", "sweet"], "ft_trial_number": 290, "ft_epochs": 36, "ft_lr": 0.0003593583329672801, "ft_weight_decay": 0.05382181950044666, "ft_warmup": 0.9472144533265928, "ft_threshold": 0.532788102963493, "ft_margin_pos": 0.4325613784770933, "ft_margin_neg": -0.6522590573106516, "ft_bins": 11, "ft_xi": 0.8598816641526669, "ft_betas": [0.7066009038802806, 0.9725880950972922], "ft_bsz": 1024, "ft_trial_id": "127442", "ft_trial_path": "Trials/sim_contrastive/127442", "fold_0": {"train_loss": [0.00040305560105480254, 0.0004032866272609681, 0.0003970060497522354, 0.0003593486035242677, 0.00035218195989727974, 0.0003184298693668097, 0.00027673758449964225, 0.00026825370150618255, 0.00020336823945399374, 0.00018262938829138875, 0.00013029028195887804, 0.00011113488289993256, 9.123457130044699e-05, 8.80950246937573e-05, 7.677129178773612e-05, 5.532352952286601e-05, 4.7875699237920344e-05, 5.2902312745573e-05, 3.5966622817795724e-05, 4.213106876704842e-05, 2.844694972736761e-05, 2.1368407033151016e-05, 2.3095699361874722e-05, 1.94231397472322e-05, 1.4536714843416121e-05, 1.6394746126024984e-05, 1.1363637895556167e-05, 1.6566109479754232e-05, 1.4832280612608884e-05, 1.2137149496993516e-05, 4.929350780003006e-06, 7.308975455089239e-06, 8.158479431585874e-06, 2.560080929470132e-06, 8.132087714329828e-06, 4.11223663832061e-06], "test_metrics": [{"pearson": 0.5231314677211993, "mse": 0.1488247662782669, "rmse": 0.38577812910079956}, {"pearson": 0.5228649963928363, "mse": 0.14749334752559662, "rmse": 0.3840486407279968}, {"pearson": 0.5242048795402153, "mse": 0.14527282118797302, "rmse": 0.38114672899246216}, {"pearson": 0.5259422147175794, "mse": 0.1423311084508896, "rmse": 0.3772679567337036}, {"pearson": 0.5288174602527936, "mse": 0.13853396475315094, "rmse": 0.37220150232315063}, {"pearson": 0.5324583372938437, "mse": 0.13404956459999084, "rmse": 0.36612778902053833}, {"pearson": 0.5357235961090828, "mse": 0.12911248207092285, "rmse": 0.3593222498893738}, {"pearson": 0.5389647743277464, "mse": 0.12414970248937607, "rmse": 0.35234883427619934}, {"pearson": 0.5419326018063976, "mse": 0.11917334794998169, "rmse": 0.34521493315696716}, {"pearson": 0.5435183857525842, "mse": 0.11491699516773224, "rmse": 0.3389940857887268}, {"pearson": 0.5441014477946818, "mse": 0.11184162646532059, "rmse": 0.3344272971153259}, {"pearson": 0.5437533659163951, "mse": 0.11007444560527802, "rmse": 0.33177468180656433}, {"pearson": 0.5423294175534644, "mse": 0.10913503915071487, "rmse": 0.3303559422492981}, {"pearson": 0.5412396041227461, "mse": 0.1076321080327034, "rmse": 0.32807332277297974}, {"pearson": 0.5403375962322758, "mse": 0.10548572987318039, "rmse": 0.32478567957878113}, {"pearson": 0.5395766978003614, "mse": 0.10328353196382523, "rmse": 0.32137754559516907}, {"pearson": 0.5397155103852045, "mse": 0.10112429410219193, "rmse": 0.318000465631485}, {"pearson": 0.5390727105233163, "mse": 0.09951066970825195, "rmse": 0.31545311212539673}, {"pearson": 0.5382890642757179, "mse": 0.0988326147198677, "rmse": 0.314376562833786}, {"pearson": 0.5368988224461684, "mse": 0.09941209107637405, "rmse": 0.31529682874679565}, {"pearson": 0.5360637399223998, "mse": 0.09994436055421829, "rmse": 0.3161397874355316}, {"pearson": 0.5345752040926489, "mse": 0.1005357876420021, "rmse": 0.317073792219162}, {"pearson": 0.5331484829873484, "mse": 0.10114037990570068, "rmse": 0.31802576780319214}, {"pearson": 0.5322793067922397, "mse": 0.10159943997859955, "rmse": 0.3187466561794281}, {"pearson": 0.5312036859326069, "mse": 0.10219984501600266, "rmse": 0.3196870982646942}, {"pearson": 0.531715026693144, "mse": 0.10222809761762619, "rmse": 0.31973129510879517}, {"pearson": 0.5323789772998656, "mse": 0.102035291492939, "rmse": 0.3194296360015869}, {"pearson": 0.5319372563359966, "mse": 0.101662777364254, "rmse": 0.3188460171222687}, {"pearson": 0.5306246886632273, "mse": 0.1028631255030632, "rmse": 0.3207228183746338}, {"pearson": 0.5300412906052403, "mse": 0.10335788130760193, "rmse": 0.3214932084083557}, {"pearson": 0.5294182955069873, "mse": 0.10365355014801025, "rmse": 0.3219527006149292}, {"pearson": 0.5304389358285178, "mse": 0.10300321877002716, "rmse": 0.32094115018844604}, {"pearson": 0.5325722634734543, "mse": 0.1022820919752121, "rmse": 0.3198157250881195}, {"pearson": 0.5349540661174326, "mse": 0.10128316283226013, "rmse": 0.3182501494884491}, {"pearson": 0.5367451386504497, "mse": 0.1008763313293457, "rmse": 0.31761035323143005}, {"pearson": 0.5380566284074378, "mse": 0.10059459507465363, "rmse": 0.3171665072441101}], "time": 25.502090400000043}, "fold_1": {"train_loss": [0.0005950325867161155, 0.0006286260322667658, 0.000582754029892385, 0.0005893110646866262, 0.0005267987726256251, 0.00045161345042288303, 0.0003711266617756337, 0.0003175493038725108, 0.000277039798675105, 0.0002476220251992345, 0.00021862299763597548, 0.00016481216880492866, 0.00016161955136340111, 0.0001525897823739797, 0.00013550677977036685, 0.00012303223775234073, 0.0001309205690631643, 0.00011189491488039494, 0.00010516070324229077, 9.490611410001293e-05, 9.486152703175321e-05, 9.508789662504569e-05, 7.785826164763421e-05, 6.751953333150595e-05, 7.974755862960592e-05, 7.346081838477403e-05, 7.581715908600017e-05, 6.869133358122781e-05, 7.17662915121764e-05, 5.872730253031477e-05, 6.697489880025387e-05, 5.631956082652323e-05, 4.9788963224273175e-05, 4.6557597670471296e-05, 5.192581738810986e-05, 4.6995926823001355e-05], "test_metrics": [{"pearson": 0.23807949392794783, "mse": 0.09632739424705505, "rmse": 0.31036654114723206}, {"pearson": 0.2402565002325436, "mse": 0.09553120285272598, "rmse": 0.30908122658729553}, {"pearson": 0.24025163513941683,