{"epochs": 10, "num_mpnns": 3, "num_convs": 1, "num_hidden_layers": 1, "hidden_dim": 128, "dropout": 0.04808747892762695, "do_two_stage": false, "num_heads": 2, "num_sabs": 2, "act_mode": "relu", "lr": 0.0013537394348808961, "warmup": 0.1000697463553397, "weight_decay": 0.088273824090036, "in_features": 9, "notes_dim": 101, "bsz": 256, "betas": [0.9, 0.999], "trial_id": "7bdb2e", "trial_path": "Trials/paper_fourth/7bdb2e", "train_loss": [0.0783126950263977, 0.0341082364320755, 0.027486978098750114, 0.023088539019227028, 0.020090095698833466, 0.017928186804056168, 0.01617135852575302, 0.01481936126947403, 0.013626586645841599, 0.012633337639272213], "test_loss": [0.7015014290809631, 0.08328166604042053, 0.08868281543254852, 0.09000279754400253, 0.09518368542194366, 0.10366818308830261, 0.10639972239732742, 0.10631167143583298, 0.10478734225034714, 0.11112143099308014, 0.11118248850107193], "test_aurocs": [0.5808648467063904, 0.6572712659835815, 0.7113277912139893, 0.7162199020385742, 0.7181783318519592, 0.7497761845588684, 0.7341611385345459, 0.7374135851860046, 0.7499246597290039, 0.7585254311561584, 0.7669048309326172], "time": 318.61974400299994, "auroc": 0.7669048309326172, "count_parameters": 543607, "min_size": 0, "max_size": Infinity, "covered_notes": ["powdery", "citrus", "marine", "naphthyl", "pine", "lactonic", "bitter", "anise", "sulfurous", "fresh", "mushroom", "camphoreous", "balsamic", "cooling", "tobacco", "burnt", "nutty", "fusel", "fatty", "berry", "fermented", "salty", "fruity", "chocolate", "vanilla", "roasted", "herbal", "licorice", "aromatic", "dairy", "rummy", "waxy", "savory", "milky", "dry", "soapy", "smoky", "solvent", "spicy", "creamy", "aldehydic", "chemical", "peach", "corn", "caramellic", "cocoa", "alcoholic", "thujonic", "sour", "melon", "cheesy", "ammoniacal", "pungent", "mentholic", "tropical", "amber", "buttery", "vegetable", "jammy", "meaty", "medicinal", "hay", "leathery", "mustard", "astringent", "brown", "mossy", "plastic", "ethereal", "woody", "celery", "musty", "terpenic", "floral", "acidic", "fungal", "animal", "oily", "green", "phenolic", "fishy", "earthy", "orris", "minty", "honey", "bready", "alliaceous", "estery", "metallic", "yeasty", "onion", "coumarinic", "winey", "clean", "popcorn", "tonka", "musk", "cherry", "coffee", "coconut", "sweet"]}